Year,Player,Rank,Position,Team,Points,Int,Yds,TD,Lng,PD,FF,Fmb,FR,Yds,TD,Sk,Comb,Solo,Ast,TFL,QBHits,Sfty,AV
2010,Julius Peppers,10,DE,CHI,91,2,1,0,1,9,3,0,0,0,0,8.0,54,43,11,11,18,0,18
2010,Dwight Freeney,15,DE,IND,86,0,0,0,0,2,5,0,0,0,0,10.0,25,21,4,8,19,0,9
2010,Robert Mathis,44,DE,IND,57,0,0,0,0,1,1,0,1,1,0,11.0,60,44,16,10,19,0,10
2010,Justin Tuck,60,DE,NYG,41,0,0,0,0,4,5,0,5,4,0,11.5,76,48,28,16,22,0,14
2010,Cameron Wake,63,DE,MIA,38,0,0,0,0,4,3,0,0,0,0,14.0,57,48,9,21,26,0,12
2010,Tamba Hali,64,DE,KC,37,0,0,0,0,3,4,0,2,2,0,14.5,52,37,15,12,27,0,9
2010,John Abraham,69,DE,ATL,32,1,6,0,6,4,1,0,0,0,0,13.0,41,36,5,18,17,0,16
2010,Mario Williams,71,DE,HOU,30,0,0,0,0,2,1,0,0,0,0,8.5,28,22,6,9,19,0,5
2010,Trent Cole,73,DE,PHI,28,0,0,0,0,2,1,0,0,0,0,10.0,65,50,15,16,19,0,7
2010,Jared Allen,80,DE,MIN,21,2,40,1,36,6,1,0,1,0,0,11.0,60,45,15,14,25,0,10
2010,Jason Babin,85,DE,TEN,16,0,0,0,0,0,2,0,0,0,0,12.5,58,44,14,16,27,0,10
2011,Jared Allen,13,DE,MIN,88,1,14,0,14,3,4,0,4,6,0,22.0,66,48,18,21,32,1,14
2011,Justin Smith,17,DE,SF,84,0,0,0,0,2,3,0,1,0,0,7.5,58,45,13,6,20,0,19
2011,Jason Pierre-Paul,24,DE,NYG,77,0,0,0,0,7,2,0,0,0,0,16.5,86,66,20,23,28,1,14
2011,Julius Peppers,26,DE,CHI,75,0,0,0,0,4,4,0,2,0,0,11.0,37,33,4,15,13,0,12
2011,Tamba Hali,34,DE,KC,67,0,0,0,0,0,4,0,0,0,0,12.0,66,48,18,12,27,0,11
2011,Jason Babin,44,DE,PHI,57,0,0,0,0,1,3,0,0,0,0,18.0,40,35,5,17,29,0,13
2011,Trent Cole,57,DE,PHI,44,0,0,0,0,1,1,0,0,0,0,11.0,44,41,3,14,17,0,7
2011,Justin Tuck,62,DE,NYG,39,0,0,0,0,3,1,0,0,0,0,5.0,37,27,10,6,11,0,5
2011,Elvis Dumervil,68,DE,DEN,33,0,0,0,0,1,0,0,1,0,0,9.5,42,31,11,10,19,0,8
2011,Chris Long,84,DE,LAR,17,0,0,0,0,2,1,0,0,0,0,13.0,37,31,6,15,21,0,7
2011,Dwight Freeney,89,DE,IND,12,0,0,0,0,0,2,0,0,0,0,8.5,19,13,6,7,19,0,8
2012,J. J. Watt,5,DE,HOU,96,0,0,0,0,16,4,0,2,7,0,20.5,81,69,12,39,43,0,19
2012,Justin Smith,29,DE,SF,72,0,0,0,0,2,0,0,1,0,0,3.0,66,47,19,9,10,0,13
2012,Julius Peppers,54,DE,CHI,47,0,0,0,0,2,1,0,4,6,0,11.5,39,32,7,13,15,0,17
2012,Jason Pierre-Paul,55,DE,NYG,46,1,28,1,28,5,1,0,1,10,0,6.5,66,43,23,13,10,0,9
2012,Jared Allen,60,DE,MIN,41,0,0,0,0,3,1,0,1,0,0,12.0,46,36,10,17,21,0,10
2012,Mario Williams,72,DE,BUF,29,0,0,0,0,4,2,0,2,0,0,10.5,46,37,9,12,15,0,7
2012,Robert Mathis,74,DE,IND,27,1,1,0,1,2,1,0,0,0,0,8.0,33,22,11,9,13,0,8
2012,Dwight Freeney,80,DE,IND,21,0,0,0,0,1,1,0,0,0,0,5.0,12,10,2,7,12,0,6
2013,J. J. Watt,12,DE,HOU,89,0,0,0,0,7,4,0,2,0,0,10.5,80,65,15,22,46,0,17
2013,Robert Quinn,13,DE,LAR,88,0,0,0,0,1,7,0,2,33,1,19.0,57,50,7,23,34,0,15
2013,Mario Williams,29,DE,BUF,72,0,0,0,0,3,1,0,0,0,0,13.0,38,28,10,15,16,0,13
2013,Muhammad Wilkerson,42,DE,NYJ,59,1,6,0,6,3,2,0,0,0,0,10.5,63,43,20,13,18,0,12
2013,Greg Hardy,53,DE,CAR,48,0,0,0,0,1,1,0,0,0,0,15.0,59,39,20,17,29,0,15
2013,Cameron Wake,66,DE,MIA,35,0,0,0,0,0,2,0,1,0,0,8.5,37,29,8,8,21,1,10
2013,Jared Allen,68,DE,MIN,33,0,0,0,0,6,2,0,0,0,0,11.5,52,33,19,13,26,0,6
2013,Justin Smith,69,DE,SF,32,0,0,0,0,0,1,0,0,0,0,6.5,49,32,17,9,16,0,14
2013,Cameron Jordan,99,DE,NOR,2,0,0,0,0,4,2,0,2,11,0,12.5,47,29,18,13,23,0,13
2014,J. J. Watt,1,DE,HOU,100,1,80,1,80,10,4,0,5,59,1,20.5,78,59,19,29,51,1,21
2014,Cameron Wake,39,DE,MIA,62,0,0,0,0,3,3,0,1,0,0,11.5,38,32,6,8,22,0,10
2014,Mario Williams,42,DE,BUF,59,0,0,0,0,2,2,0,0,0,0,14.5,42,36,6,19,18,0,18
2014,Robert Quinn,44,DE,LAR,57,0,0,0,0,6,5,0,0,0,0,10.5,46,39,7,13,20,0,11
2014,Sheldon Richardson,55,DE,NYJ,46,0,0,0,0,1,1,0,1,0,0,8.0,67,42,25,11,21,1,19
2014,Jerry Hughes,63,DE,BUF,38,0,0,0,0,0,3,0,1,18,1,10.0,53,36,17,13,20,0,10
2014,Muhammad Wilkerson,74,DE,NYJ,27,0,0,0,0,5,1,0,0,0,0,6.0,56,31,25,13,21,0,6
2014,Michael Bennett,90,DE,SEA,11,0,0,0,0,0,1,0,0,0,0,7.0,38,26,12,14,19,0,6
2014,Jurrell Casey,96,DE,TEN,5,0,0,0,0,0,0,0,0,0,0,5.0,68,46,22,13,18,0,7
2014,Calais Campbell,99,DE,ARI,2,1,23,0,23,3,1,0,0,0,0,7.0,58,48,10,16,11,0,15
2015,J.J. Watt,3,DE,HOU,98,0,0,0,0,8,3,0,1,0,0,17.5,76,57,19,29,50,0,19
2015,Khalil Mack,13,DE,LV,88,0,0,0,0,2,2,0,0,0,0,15.0,77,57,20,23,24,0,13
2015,Muhammad Wilkerson,39,DE,NYJ,62,0,0,0,0,7,3,0,0,0,0,12.0,64,39,25,11,28,0,16
2015,Ezekiel Ansah,43,DE,DET,58,0,0,0,0,1,4,0,2,1,0,14.5,47,39,8,15,34,0,12
2015,Chandler Jones,48,DE,NE,53,1,0,0,0,2,4,0,0,0,0,12.5,44,31,13,11,18,0,11
2015,Michael Bennett,59,DE,SEA,42,0,0,0,0,0,2,0,0,0,0,10.0,52,33,19,18,30,0,11
2015,Carlos Dunlap,70,DE,CIN,31,0,0,0,0,1,2,0,1,21,0,13.5,55,37,18,16,34,0,13
2015,Calais Campbell,71,DE,ARI,30,0,0,0,0,3,0,0,1,0,0,5.0,61,46,15,16,20,0,9
2015,Cameron Heyward,88,DE,PIT,13,0,0,0,0,2,1,0,0,0,0,7.0,54,39,15,15,13,0,9
2015,Cameron Jordan,99,DE,NOR,2,0,0,0,0,5,1,0,2,0,0,10.0,45,32,13,15,20,0,8
2016,Khalil Mack,5,DE,LV,96,1,6,1,6,3,5,0,3,1,0,11.0,73,54,19,14,26,0,15
2016,J.J. Watt,35,DE,HOU,66,0,0,0,0,0,0,0,1,0,0,1.5,8,1,7,1,5,0,2
2016,Michael Bennett,46,DE,SEA,55,0,0,0,0,0,0,0,0,0,0,5.0,34,24,10,14,19,0,8
2016,Jadeveon Clowney,49,DE,HOU,52,0,0,0,0,2,1,0,0,0,0,6.0,52,40,12,16,17,0,13
2016,Cliff Avril,56,DE,SEA,45,0,0,0,0,3,5,0,0,0,0,11.5,39,20,19,8,26,0,10
2016,Cameron Wake,62,DE,MIA,39,1,12,0,12,2,5,0,0,0,0,11.5,29,22,7,6,24,0,10
2016,Calais Campbell,83,DE,ARI,18,1,1,0,1,6,2,0,3,53,1,8.0,53,34,19,12,21,1,16
2016,Everson Griffen,92,DE,MIN,9,0,0,0,0,1,2,0,3,20,1,8.0,48,36,12,9,22,0,12
2016,Brandon Graham,93,DE,PHI,8,0,0,0,0,1,2,0,1,4,0,5.5,59,41,18,14,22,0,13
2016,Joey Bosa,100,DE,LAC,1,0,0,0,0,0,0,0,0,0,0,10.5,41,29,12,17,21,0,5
2017,Calais Campbell,14,DE,JAX,87,0,0,0,0,3,3,0,1,10,1,14.5,67,47,20,14,30,0,16
2017,Khalil Mack,16,DE,LV,85,0,0,0,0,3,1,0,1,0,0,10.5,78,61,17,15,22,0,11
2017,Everson Griffen,19,DE,MIN,82,0,0,0,0,1,3,0,0,0,0,13.0,45,31,14,12,25,0,15
2017,Cameron Jordan,26,DE,NOR,75,1,0,1,0,11,2,0,0,0,0,13.0,62,48,14,17,28,0,16
2017,Chandler Jones,28,DE,ARI,73,0,0,0,0,3,2,0,0,0,0,17.0,59,52,7,28,33,0,14
2017,Jadeveon Clowney,32,DE,HOU,69,0,0,0,0,2,2,0,3,71,1,9.5,59,41,18,21,21,0,10
2017,DeMarcus Lawrence,34,DE,DAL,67,0,0,0,0,1,4,0,2,0,0,14.5,58,35,23,14,26,0,14
2017,Joey Bosa,37,DE,LAC,64,0,0,0,0,1,4,0,1,0,0,12.5,70,54,16,11,21,0,12
2017,Cameron Heyward,48,DE,PIT,53,0,0,0,0,3,2,0,1,0,0,12.0,45,30,15,16,22,0,15
2017,Cameron Wake,74,DE,MIA,27,0,0,0,0,0,0,0,0,0,0,10.5,36,26,10,12,27,0,7
2017,Melvin Ingram,76,DE,LAC,25,0,0,0,0,1,1,0,2,39,1,10.5,56,43,13,17,25,0,13
2017,J. J. Watt,84,DE,HOU,17,0,0,0,0,2,0,0,0,0,0,0.0,15,11,4,3,5,0,2
2017,Bruce Irvin,85,DE,LV,16,0,0,0,0,3,4,0,0,0,0,8.0,58,38,20,14,12,0,7
2017,Yannick Ngakoue,88,DE,JAX,13,0,0,0,0,0,6,0,2,67,1,12.0,30,24,6,10,23,0,12
2017,Mike Daniels,93,DE,GB,8,0,0,0,0,0,1,0,0,0,0,5.0,49,34,15,10,14,0,8
2018,J.J. Watt,12,DE,HOU,89,0,0,0,0,4,7,0,0,0,0,16.0,61,47,14,18,25,0,16
2018,Akiem Hicks,39,DE,CHI,62,0,0,0,0,5,3,0,0,0,0,7.5,55,41,14,12,16,0,12
2018,Cameron Jordan,41,DE,NOR,60,0,0,0,0,6,1,0,1,0,0,12.0,49,35,14,18,21,0,12
2018,DeMarcus Lawrence,45,DE,DAL,56,1,13,0,13,1,2,0,1,10,0,10.5,64,42,22,15,23,0,10
2018,Melvin Ingram,48,DE,LAC,53,1,8,0,8,3,1,1,2,4,0,7.0,43,28,15,8,16,0,9
2018,Myles Garrett,49,DE,CLV,52,0,0,0,0,3,3,0,0,0,0,13.5,44,35,9,12,29,0,14
2018,Calais Campbell,54,DE,JAX,47,0,0,0,0,2,1,0,1,0,0,10.5,72,53,19,20,22,0,13
2018,Joey Bosa,56,DE,LAC,45,0,0,0,0,0,0,0,1,0,0,5.5,23,18,5,7,9,0,3
2018,Danielle Hunter,57,DE,MIN,44,0,0,0,0,0,0,0,1,32,1,14.5,72,51,21,21,19,0,17
2018,Dee Ford,67,DE,KC,34,0,0,0,0,0,7,0,0,0,0,13.0,55,42,13,13,29,0,9
2018,Frank Clark,85,DE,SEA,16,1,26,0,26,2,3,0,2,0,0,13.0,41,33,8,10,27,0,9
2018,Cameron Heyward,88,DE,PIT,13,0,0,0,0,3,1,0,1,0,0,8.0,51,29,22,10,18,0,11
2018,Jurrell Casey,92,DE,TEN,9,0,0,0,0,0,2,0,1,1,0,7.0,62,36,26,11,11,0,12
2019,Nick Bosa,17,DE,SF,84,1,46,0,46,2,1,0,2,6,0,9.0,47,32,15,16,25,0,12
2019,Cameron Jordan,23,DE,NOR,78,0,0,0,0,3,0,0,1,0,0,15.5,53,37,16,15,25,0,13
2019,Joey Bosa,34,DE,LAC,67,0,0,0,0,0,1,0,0,0,0,11.5,67,47,20,18,31,0,12
2019,Danielle Hunter,40,DE,MIN,61,0,0,0,0,0,3,0,1,4,0,14.5,70,52,18,15,22,0,12
2019,Jadeveon Clowney,41,DE,SEA,60,1,27,1,27,3,4,0,2,10,1,3.0,31,21,10,7,13,0,6
2019,J. J. Watt,45,DE,HOU,56,0,0,0,0,3,1,0,2,0,0,4.0,24,15,9,4,21,0,4
2019,Calais Campbell,79,DE,JAX,22,0,0,0,0,1,2,0,1,8,1,6.5,56,37,19,10,25,0,10
2019,Myles Garrett,80,DE,CLV,21,0,0,0,0,0,2,0,0,0,0,10.0,29,20,9,11,18,0,5
2019,Frank Clark,95,DE,KC,6,1,5,0,5,4,3,0,1,0,0,8.0,37,27,10,12,14,0,9
2010,Haloti Ngata,17,DT,BAL,84,0,0,0,0,5,0,0,1,0,0,5.5,63,47,16,12,14,0,17
2010,Vince Wilfork,35,DT,NE,66,0,0,0,0,2,0,0,1,0,0,2.0,57,46,11,8,4,0,12
2010,Ndamukong Suh,51,DT,DET,50,1,20,0,20,3,1,0,1,17,1,10.0,66,49,17,13,17,0,15
2010,Richard Seymour,66,DT,LV,35,0,0,0,0,2,0,0,1,13,0,5.5,48,36,12,10,13,0,8
2010,Jay Ratliff,75,DT,DAL,26,0,0,0,0,2,1,0,2,0,0,3.5,31,23,8,3,8,0,8
2010,B. J. Raji,81,DT,GB,20,0,0,0,0,3,0,0,0,0,0,6.5,39,29,10,10,9,0,8
2011,Haloti Ngata,9,DT,BAL,92,0,0,0,0,6,2,0,3,28,1,5.0,65,37,28,6,8,0,17
2011,Ndamukong Suh,38,DT,DET,63,0,0,0,0,1,0,0,0,0,0,4.0,36,26,10,6,9,0,6
2011,Vince Wilfork,81,DT,NE,20,2,47,0,28,5,1,0,2,0,1,3.5,52,29,23,6,10,0,14
2012,Vince Wilfork,30,DT,NE,71,0,0,0,0,6,3,0,4,2,0,3.0,48,29,19,6,4,0,17
2012,Geno Atkins,36,DT,CIN,65,0,0,0,0,2,4,0,0,0,0,12.5,54,39,15,17,21,0,18
2012,Ndamukong Suh,40,DT,DET,61,0,0,0,0,2,0,0,0,0,0,8.0,34,24,10,17,32,0,12
2012,Haloti Ngata,42,DT,BAL,59,0,0,0,0,1,0,0,0,0,0,5.0,51,33,18,7,14,0,13
2012,Gerald McCoy,92,DT,TB,9,0,0,0,0,2,1,0,1,0,0,5.0,30,23,7,9,15,0,10
2013,Gerald McCoy,28,DT,TB,73,0,0,0,0,4,0,0,1,12,0,9.5,50,35,15,15,21,0,14
2013,Kyle Williams,32,DT,BUF,69,0,0,0,0,1,1,0,1,0,0,10.5,68,42,26,14,22,0,11
2013,Ndamukong Suh,40,DT,DET,61,0,0,0,0,6,1,0,0,0,0,5.5,49,36,13,9,20,1,15
2013,Haloti Ngata,45,DT,BAL,56,0,0,0,0,3,0,0,0,0,0,1.5,52,23,29,3,6,0,11
2013,Geno Atkins,48,DT,CIN,53,0,0,0,0,0,0,0,0,0,0,6.0,20,9,11,5,13,0,5
2013,Marcell Dareus,62,DT,BUF,39,0,0,0,0,3,1,0,0,0,0,7.5,71,46,25,8,12,0,11
2013,Sheldon Richardson,94,DT,NYJ,7,0,0,0,0,1,1,0,0,0,0,3.5,78,42,36,12,8,0,13
2014,Ndamukong Suh,24,DT,DET,77,0,0,0,0,3,0,0,0,0,0,8.5,53,44,9,21,20,0,16
2014,Gerald McCoy,28,DT,TB,73,0,0,0,0,3,1,0,0,0,0,8.5,35,28,7,13,13,0,9
2014,Marcell Dareus,53,DT,BUF,48,0,0,0,0,1,1,0,0,0,0,10.0,49,36,13,12,14,0,17
2014,Kyle Williams,72,DT,BUF,29,1,2,0,2,3,0,0,0,0,0,5.5,41,30,11,8,16,0,11
2014,Sen'Derrick Marks,76,DT,JAX,25,0,0,0,0,3,0,0,1,0,0,8.5,44,34,10,15,17,0,8
2014,Haloti Ngata,82,DT,BAL,19,2,16,0,13,7,2,0,0,0,0,2.0,32,19,13,2,3,0,6
2014,Aaron Donald,92,DT,LAR,9,0,0,0,0,1,2,0,0,0,0,9.0,48,38,10,18,13,0,10
2015,Aaron Donald,14,DT,LAR,87,0,0,0,0,1,0,0,1,40,0,11.0,69,44,25,22,37,0,16
2015,Geno Atkins,29,DT,CIN,72,0,0,0,0,0,1,0,0,0,0,11.0,42,31,11,17,21,0,18
2015,Ndamukong Suh,40,DT,MIA,61,0,0,0,0,5,0,0,0,0,0,6.0,61,39,22,17,20,0,7
2015,Fletcher Cox,49,DT,PHI,52,0,0,0,0,2,3,0,2,0,0,9.5,71,50,21,11,20,0,13
2015,Kawann Short,58,DT,CAR,43,0,0,0,0,4,3,0,2,0,0,11.0,55,36,19,16,18,0,14
2015,Gerald McCoy,63,DT,TB,38,0,0,0,0,1,0,0,0,0,0,8.5,34,26,8,8,17,0,7
2015,Linval Joseph,76,DT,MIN,25,0,0,0,0,1,1,0,0,0,0,0.5,56,42,14,7,4,0,7
2015,Mike Daniels,95,DT,GB,6,1,6,0,6,2,1,0,0,0,0,4.0,49,27,22,7,9,0,9
2016,Aaron Donald,15,DT,LAR,86,0,0,0,0,5,2,0,0,0,0,8.0,47,36,11,17,31,0,16
2016,Fletcher Cox,38,DT,PHI,63,0,0,0,0,2,1,0,1,0,0,6.5,43,27,16,9,14,0,10
2016,Gerald McCoy,52,DT,TB,49,0,0,0,0,5,2,0,2,0,0,7.0,34,26,8,5,14,0,12
2016,Ndamukong Suh,55,DT,MIA,46,0,0,0,0,6,0,0,1,0,0,5.0,72,41,31,11,17,0,12
2016,Geno Atkins,68,DT,CIN,33,0,0,0,0,0,0,0,0,0,0,9.0,32,21,11,13,26,0,11
2016,Mike Daniels,84,DT,GB,17,0,0,0,0,1,0,0,1,0,0,4.0,33,25,8,8,11,0,5
2016,Jurrell Casey,86,DT,TEN,15,0,0,0,0,5,0,0,0,0,0,5.0,44,31,13,8,18,0,11
2016,Damon Harrison,96,DT,NYG,5,0,0,0,0,2,0,0,0,0,0,0.5,95,63,32,5,2,0,7
2017,Aaron Donald,7,DT,LAR,94,0,0,0,0,1,5,0,1,0,0,11.0,41,32,9,15,27,0,14
2017,Ndamukong Suh,61,DT,MIA,40,0,0,0,0,2,2,0,0,0,0,4.5,48,29,19,9,12,0,6
2017,Geno Atkins,63,DT,CIN,38,0,0,0,0,0,0,0,0,0,0,9.0,46,29,17,10,20,0,10
2017,Jurrell Casey,66,DT,TEN,35,0,0,0,0,1,1,0,0,0,0,6.0,60,41,19,12,19,0,10
2017,Fletcher Cox,69,DT,PHI,32,0,0,0,0,2,1,0,2,20,1,5.5,26,15,11,5,17,0,14
2017,Linval Joseph,83,DT,MIN,18,0,0,0,0,0,0,0,1,0,0,3.5,68,40,28,5,10,0,13
2018,Aaron Donald,1,DT,LAR,100,0,0,0,0,1,4,0,2,0,0,20.5,59,41,18,25,41,0,16
2018,Fletcher Cox,28,DT,PHI,73,0,0,0,0,1,1,0,1,3,0,10.5,46,33,13,12,34,0,15
2018,Chris Jones,36,DT,KC,65,1,20,1,20,5,2,0,0,0,0,15.5,40,35,5,19,29,0,11
2018,Gerald McCoy,75,DT,TB,26,0,0,0,0,1,0,0,0,0,0,6.0,28,17,11,6,21,0,6
2018,Geno Atkins,79,DT,CIN,22,0,0,0,0,0,0,0,0,0,0,10.0,45,24,21,13,19,0,8
2019,Aaron Donald,3,DT,LAR,98,0,0,0,0,2,2,0,1,0,0,12.5,48,29,19,20,24,1,13
2019,Chris Jones,52,DT,KC,49,0,0,0,0,4,1,0,1,12,0,9.0,36,23,13,8,20,0,9
2019,DeForest Buckner,56,DT,SF,45,0,0,0,0,2,2,0,4,12,1,7.5,62,34,28,9,14,0,16
2019,Jurrell Casey,71,DT,TEN,30,0,0,0,0,0,1,0,2,0,0,5.0,44,26,18,5,10,0,11
2019,Fletcher Cox,73,DT,PHI,28,0,0,0,0,2,3,0,1,1,0,3.5,40,26,14,5,10,0,11
2019,Cameron Heyward,84,DT,PIT,17,0,0,0,0,6,1,0,1,0,0,9.0,83,51,32,11,23,0,16
2019,Grady Jarrett,91,DT,ATL,10,0,0,0,0,0,2,0,0,0,0,7.5,69,38,31,12,16,0,12
2010,Ray Lewis,4,LB,BAL,97,2,26,1,24,4,2,0,3,1,0,2.0,139,102,37,4,4,0,16
2010,DeMarcus Ware,12,LB,DAL,89,0,0,0,0,1,2,0,2,22,1,15.5,66,56,10,21,23,0,11
2010,Clay Matthews,19,LB,GB,82,1,62,1,62,4,2,0,0,0,0,13.5,60,54,6,18,25,0,16
2010,James Harrison,21,LB,PIT,80,2,2,0,2,5,6,0,1,0,0,10.5,100,70,30,13,21,0,19
2010,Patrick Willis,23,LB,SF,78,0,0,0,0,5,2,0,0,0,0,6.0,128,101,27,9,7,0,14
2010,Jonathan Vilma,37,LB,NOR,64,1,5,0,5,3,3,0,1,0,0,4.0,105,70,35,6,9,0,9
2010,Terrell Suggs,40,LB,BAL,61,0,0,0,0,2,2,0,0,0,0,11.0,68,53,15,18,21,0,11
2010,Brian Urlacher,49,LB,CHI,52,1,0,0,0,10,1,0,2,0,0,4.0,126,97,29,13,5,0,15
2010,Jerod Mayo,62,LB,NE,39,0,0,0,0,5,1,0,3,-2,0,2.0,174,113,61,5,5,0,14
2010,LaMarr Woodley,82,LB,PIT,19,2,22,1,14,5,3,0,2,19,0,10.0,50,35,15,9,16,0,11
2010,Lance Briggs,92,LB,CHI,9,2,1,0,1,7,1,0,1,0,0,2.0,89,76,13,8,2,0,12
2010,Jon Beason,95,LB,CAR,6,1,7,0,7,8,2,0,0,0,0,1.0,121,90,31,10,2,0,10
2010,Shaun Phillips,97,LB,LAC,4,1,31,1,31,7,0,0,1,0,0,11.0,55,47,8,17,12,0,11
2011,DeMarcus Ware,6,LB,DAL,95,0,0,0,0,2,2,0,1,0,0,19.5,58,48,10,26,29,0,15
2011,Patrick Willis,10,LB,SF,91,1,10,0,10,12,4,0,2,0,0,2.0,97,74,23,7,4,0,16
2011,Terrell Suggs,11,LB,BAL,90,2,9,0,9,6,7,0,0,0,0,14.0,70,50,20,20,23,0,16
2011,Ray Lewis,20,LB,BAL,81,1,4,0,4,7,2,0,0,0,0,2.0,95,72,23,3,4,0,9
2011,Clay Matthews,27,LB,GB,74,3,47,1,38,9,3,0,0,0,0,6.0,50,37,13,8,25,0,9
2011,James Harrison,29,LB,PIT,72,0,0,0,0,0,2,0,0,0,0,9.0,59,48,11,13,16,0,10
2011,Brian Urlacher,51,LB,CHI,50,3,7,0,8,7,0,0,2,29,1,0.0,102,84,18,9,0,0,12
2011,Von Miller,52,LB,DEN,49,0,0,0,0,4,3,0,0,0,0,11.5,64,50,14,19,29,0,11
2011,Brian Cushing,54,LB,HOU,47,2,5,0,5,5,2,0,0,0,0,4.0,114,76,38,8,13,0,15
2011,Jonathan Vilma,58,LB,NOR,43,0,0,0,0,2,1,0,4,0,1,0.0,54,36,18,1,1,0,6
2011,LaMarr Woodley,63,LB,PIT,38,1,1,0,1,2,0,0,1,0,0,9.0,39,26,13,10,13,0,7
2011,Lance Briggs,72,LB,CHI,29,1,0,0,0,4,2,0,0,0,0,0.0,105,86,19,9,1,0,11
2011,Derrick Johnson,78,LB,KC,23,2,18,0,17,9,1,0,1,0,0,2.0,131,104,27,10,3,0,14
2011,NaVorro Bowman,85,LB,SF,16,0,0,0,0,8,0,0,3,0,0,2.0,143,111,32,13,6,0,19
2011,London Fletcher,87,LB,WAS,14,2,0,0,0,8,2,0,0,0,0,1.5,166,96,70,5,8,0,12
2011,D'Qwell Jackson,96,LB,CLV,5,1,24,0,24,3,1,0,3,1,0,3.5,158,116,42,12,8,0,10
2012,Aldon Smith,7,LB,SF,94,1,6,0,6,1,3,0,0,0,0,19.5,66,50,16,18,29,0,15
2012,Von Miller,9,LB,DEN,92,1,26,1,26,2,6,0,0,0,0,18.5,68,55,13,28,25,0,17
2012,Patrick Willis,10,LB,SF,91,2,2,0,2,9,2,0,1,3,0,0.5,120,88,32,5,3,0,15
2012,DeMarcus Ware,12,LB,DAL,89,0,0,0,0,0,5,0,1,0,0,11.5,56,33,23,9,23,0,11
2012,Clay Matthews,31,LB,GB,70,0,0,0,0,3,1,0,0,0,0,13.0,43,32,11,15,24,0,10
2012,NaVorro Bowman,37,LB,SF,64,1,11,0,11,7,1,0,0,0,0,2.0,148,96,52,6,4,0,15
2012,Justin Houston,49,LB,KC,52,1,32,0,32,6,1,0,1,4,0,10.0,66,53,13,13,18,1,8
2012,Terrell Suggs,56,LB,BAL,45,0,0,0,0,4,0,0,0,0,0,2.0,22,17,5,3,5,0,4
2012,Derrick Johnson,59,LB,KC,42,0,0,0,0,4,4,0,0,0,0,2.0,124,109,15,12,5,0,8
2012,Stephen Tulloch,63,LB,DET,38,0,0,0,0,6,1,0,2,0,0,0.5,112,74,38,6,5,0,7
2012,Chad Greenway,70,LB,MIN,31,1,3,0,3,4,0,0,2,0,0,3.0,148,98,50,7,5,0,12
2012,Luke Kuechly,79,LB,CAR,22,2,22,0,25,7,0,0,3,9,0,1.0,164,103,61,12,1,0,8
2012,Lance Briggs,83,LB,CHI,18,2,110,2,74,11,2,0,0,0,0,1.5,103,74,29,7,2,0,11
2012,London Fletcher,86,LB,WAS,15,5,29,0,10,11,1,0,0,0,0,3.0,139,78,61,5,4,0,12
2012,Cameron Wake,89,LB,MIA,12,0,0,0,0,1,3,0,0,0,0,15.0,53,38,15,13,33,0,18
2012,Daryl Washington,94,LB,ARI,7,1,7,0,7,4,2,0,1,3,0,9.0,134,108,26,15,12,0,16
2013,Luke Kuechly,15,LB,CAR,86,4,33,0,30,7,0,0,0,0,0,2.0,156,93,63,10,2,0,18
2013,Robert Mathis,19,LB,IND,82,0,0,0,0,1,10,0,0,0,0,19.5,59,44,15,15,21,1,15
2013,Terrell Suggs,26,LB,BAL,75,0,0,0,0,0,0,0,1,0,0,10.0,80,47,33,13,19,0,12
2013,Patrick Willis,27,LB,SF,74,0,0,0,0,1,2,0,0,0,0,3.0,104,82,22,10,5,0,10
2013,Aldon Smith,33,LB,SF,68,0,0,0,0,0,1,0,1,0,0,8.5,34,29,5,11,18,0,5
2013,Lavonte David,35,LB,TB,66,5,87,0,32,10,2,0,1,0,0,7.0,145,107,38,21,13,1,15
2013,Tamba Hali,43,LB,KC,58,1,10,1,10,1,5,0,2,11,1,11.0,46,39,7,12,15,0,13
2013,NaVorro Bowman,47,LB,SF,54,2,93,1,89,8,6,0,2,0,0,5.0,145,120,25,9,5,0,19
2013,Vontaze Burfict,52,LB,CIN,49,1,12,0,12,6,1,0,2,13,1,3.0,171,114,57,9,5,0,18
2013,DeMarcus Ware,56,LB,DAL,45,1,0,0,0,2,0,0,1,0,0,6.0,40,28,12,9,12,0,5
2013,Justin Houston,57,LB,KC,44,0,0,0,0,4,1,0,3,7,0,11.0,44,41,3,11,15,0,9
2013,DeAndre Levy,59,LB,DET,42,6,76,1,66,15,0,0,0,0,0,0.0,118,85,33,8,3,0,9
2013,Derrick Johnson,64,LB,KC,37,2,44,0,41,6,0,0,2,11,0,4.5,107,95,12,12,10,0,11
2013,Von Miller,76,LB,DEN,25,0,0,0,0,1,3,0,1,60,1,5.0,34,27,7,9,10,0,5
2013,Clay Matthews,77,LB,GB,24,0,0,0,0,1,3,0,0,0,0,7.5,41,26,15,9,11,0,5
2013,Kiko Alonso,84,LB,BUF,17,4,38,0,32,4,1,0,2,13,0,2.0,159,87,72,11,1,0,10
2013,Daryl Washington,96,LB,ARI,5,2,49,0,41,11,0,0,1,0,0,3.0,75,59,16,8,12,0,7
2014,Luke Kuechly,14,LB,CAR,87,1,0,0,0,12,1,0,1,0,0,3.0,153,99,54,9,4,0,15
2014,Justin Houston,27,LB,KC,74,0,0,0,0,5,4,0,0,0,0,22.0,69,60,9,23,25,0,18
2014,Von Miller,33,LB,DEN,68,0,0,0,0,2,1,0,1,2,0,14.0,60,43,17,16,27,0,11
2014,Elvis Dumervil,46,LB,BAL,55,0,0,0,0,1,2,0,1,0,0,17.0,38,28,10,15,27,0,11
2014,Khalil Mack,49,LB,LV,52,0,0,0,0,3,1,0,0,0,0,4.0,76,59,17,16,12,0,7
2014,Clay Matthews,51,LB,GB,50,1,40,0,40,9,2,0,0,0,0,11.0,61,45,16,16,22,0,10
2014,Lavonte David,56,LB,TB,45,0,0,0,0,4,4,0,1,0,0,1.0,146,101,45,17,4,0,6
2014,Connor Barwin,58,LB,PHI,43,0,0,0,0,5,2,0,0,0,0,14.5,64,47,17,15,21,0,12
2014,DeAndre Levy,66,LB,DET,35,1,13,0,13,4,0,0,0,0,0,2.5,151,117,34,16,4,1,13
2014,Bobby Wagner,69,LB,SEA,32,0,0,0,0,3,0,0,0,0,0,2.0,104,67,37,10,6,0,10
2014,Tamba Hali,70,LB,KC,31,0,0,0,0,0,3,0,1,0,0,6.0,59,47,12,7,11,0,12
2014,Julius Peppers,71,LB,GB,30,2,101,2,52,11,4,0,3,2,0,7.0,43,29,14,5,17,0,9
2014,Ryan Kerrigan,78,LB,WAS,23,0,0,0,0,1,5,0,1,0,0,13.5,64,51,13,18,19,0,8
2014,Terrell Suggs,84,LB,BAL,17,0,0,0,0,1,0,0,1,0,0,12.0,61,36,25,16,20,1,8
2014,DeMarcus Ware,87,LB,DEN,14,1,3,0,3,1,2,0,0,0,0,10.0,41,34,7,15,20,0,9
2014,C. J. Mosley,94,LB,BAL,7,2,23,0,18,8,1,0,1,6,0,3.0,133,88,45,8,12,0,14
2015,Luke Kuechly,7,LB,CAR,94,4,48,1,32,10,2,0,1,0,0,1.0,118,76,42,7,5,0,15
2015,Von Miller,15,LB,DEN,86,0,0,0,0,1,4,0,3,0,0,11.0,35,30,5,9,32,0,16
2015,Justin Houston,26,LB,KC,75,2,16,1,17,6,1,0,0,0,0,7.5,30,25,5,9,13,0,8
2015,DeMarcus Ware,36,LB,DEN,65,0,0,0,0,0,1,0,1,0,0,7.5,25,17,8,8,16,0,8
2015,Lavonte David,53,LB,TB,48,3,19,1,20,13,2,0,2,0,0,3.0,147,85,62,10,5,0,9
2015,Thomas Davis Sr.,54,LB,CAR,47,4,22,0,22,7,4,0,1,0,0,5.5,105,75,30,8,12,0,16
2015,Clay Matthews,57,LB,GB,44,1,42,0,42,3,0,0,1,0,0,6.5,66,49,17,14,19,0,13
2015,NaVorro Bowman,61,LB,SF,40,0,0,0,0,2,1,0,0,0,0,2.5,154,116,38,7,8,0,14
2015,Derrick Johnson,80,LB,KC,21,2,23,0,18,8,2,0,0,0,0,4.0,116,95,21,8,5,0,13
2015,Telvin Smith,83,LB,JAX,18,1,26,1,26,7,2,0,0,0,0,2.5,128,99,29,13,3,0,6
2015,Tamba Hali,84,LB,KC,17,0,0,0,0,1,2,0,0,0,0,6.5,48,39,9,11,18,0,9
2016,Von Miller,2,LB,DEN,99,0,0,0,0,3,3,0,0,0,0,13.5,78,62,16,13,24,0,15
2016,Luke Kuechly,20,LB,CAR,81,1,16,0,16,6,1,0,0,0,0,2.0,102,71,31,6,4,0,10
2016,Bobby Wagner,39,LB,SEA,62,1,9,0,9,3,0,0,1,0,0,4.5,167,85,82,7,18,0,15
2016,Vic Beasley,40,LB,ATL,61,0,0,0,0,2,6,0,1,21,1,15.5,39,32,7,11,16,0,11
2016,Justin Houston,76,LB,KC,25,0,0,0,0,1,1,0,0,0,0,4.0,21,20,1,6,6,0,3
2016,Brian Orakpo,78,LB,TEN,23,0,0,0,0,4,1,0,0,0,0,10.5,46,38,8,13,19,0,11
2016,Sean Lee,79,LB,DAL,22,0,0,0,0,1,0,0,1,0,0,0.0,145,93,52,12,2,0,15
2016,Clay Matthews,82,LB,GB,19,0,0,0,0,3,1,0,0,0,0,5.0,24,20,4,9,9,0,3
2016,Chandler Jones,85,LB,ARI,16,0,0,0,0,3,4,0,2,0,0,11.0,49,38,11,15,21,0,9
2016,Thomas Davis,89,LB,CAR,12,3,35,0,31,4,1,0,2,46,1,2.5,106,73,33,5,5,0,11
2016,Lorenzo Alexander,91,LB,BUF,10,1,28,0,28,6,3,0,0,0,0,12.5,76,56,20,10,22,0,12
2016,Dont'a Hightower,94,LB,NE,7,0,0,0,0,2,1,0,0,0,0,2.5,65,31,34,1,8,1,12
2017,Von Miller,9,LB,DEN,92,0,0,0,0,3,2,0,1,0,0,10.0,57,51,6,17,23,0,12
2017,Luke Kuechly,12,LB,CAR,89,3,23,0,23,6,1,0,3,34,1,1.5,125,74,51,7,5,0,14
2017,Bobby Wagner,21,LB,SEA,80,2,7,0,7,6,0,1,2,21,1,1.5,133,97,36,13,13,1,16
2017,Ryan Shazier,47,LB,PIT,54,3,2,0,2,11,2,0,1,3,0,0.0,89,68,21,3,2,0,9
2017,Telvin Smith,67,LB,JAX,34,3,56,1,28,5,1,0,2,52,1,1.0,102,76,26,12,2,0,14
2017,Thomas Davis,73,LB,CAR,28,0,0,0,0,0,0,0,1,0,0,2.5,76,52,24,5,7,0,8
2017,C. J. Mosley,98,LB,BAL,3,2,94,1,63,7,3,0,2,18,0,1.0,132,96,36,11,5,0,16
2018,Khalil Mack,3,LB,CHI,98,1,27,1,27,4,6,0,2,0,0,12.5,47,37,10,10,18,0,17
2018,Von Miller,10,LB,DEN,91,1,42,0,42,3,4,0,3,3,0,14.5,48,29,19,14,26,0,13
2018,Bobby Wagner,15,LB,SEA,86,1,98,1,98,11,2,0,1,11,0,1.0,138,84,54,6,8,0,16
2018,Luke Kuechly,24,LB,CAR,77,1,0,0,0,6,2,0,1,0,0,2.0,130,93,37,20,5,0,13
2018,Darius Leonard,26,LB,IND,75,2,38,0,28,8,4,1,2,0,0,7.0,163,111,52,12,8,0,16
2018,Jaylon Smith,61,LB,DAL,40,0,0,0,0,4,2,0,2,69,1,4.0,121,82,39,6,6,0,8
2018,Jadeveon Clowney,63,LB,HOU,38,0,0,0,0,1,1,0,3,0,1,9.0,47,38,9,16,21,0,12
2018,Jason Pierre-Paul,65,LB,TB,36,0,0,0,0,2,1,0,1,0,0,12.5,58,48,10,16,20,0,8
2018,C.J. Mosley,71,LB,BAL,30,1,0,0,0,5,0,0,0,0,0,0.5,105,70,35,6,2,0,15
2018,Leighton Vander Esch,74,LB,DAL,27,2,56,0,28,7,0,0,0,0,0,0.0,140,102,38,2,1,0,11
2018,Bradley Chubb,82,LB,DEN,19,0,0,0,0,1,2,0,1,4,0,12.0,60,41,19,14,21,0,8
2018,T.J. Watt,93,LB,PIT,8,0,0,0,0,3,6,0,0,0,0,13.0,68,50,18,12,21,0,11
2019,Bobby Wagner,13,LB,SEA,88,1,6,0,6,6,1,0,1,5,0,3.0,159,86,73,7,4,0,14
2019,Chandler Jones,15,LB,ARI,86,0,0,0,0,5,8,0,3,0,0,19.0,53,42,11,11,26,0,12
2019,Khalil Mack,19,LB,CHI,82,0,0,0,0,4,5,0,1,0,0,8.5,47,40,7,8,14,0,11
2019,T. J. Watt,25,LB,PIT,76,2,7,0,7,8,8,0,4,0,0,14.5,55,35,20,14,36,0,14
2019,Von Miller,26,LB,DEN,75,0,0,0,0,2,0,0,0,0,0,8.0,46,33,13,10,20,0,11
2019,Shaquil Barrett,32,LB,TB,69,1,4,0,4,2,6,0,0,0,0,19.5,58,45,13,19,37,0,13
2019,Za'Darius Smith,48,LB,GB,53,0,0,0,0,0,1,0,0,0,0,13.5,55,41,14,17,37,0,12
2019,Darius Leonard,50,LB,IND,51,5,92,1,80,7,2,0,0,0,0,5.0,121,71,50,7,6,0,12
2019,Preston Smith,63,LB,GB,38,1,5,0,5,4,1,0,0,0,0,12.0,56,36,20,11,23,0,9
2019,Demario Davis,67,LB,NOR,34,1,1,0,1,12,0,0,0,0,0,4.0,111,87,24,11,9,0,14
2019,Fred Warner,70,LB,SF,31,1,46,1,46,9,3,0,0,0,0,3.0,118,89,29,7,5,0,10
2019,Eric Kendricks,83,LB,MIN,18,0,0,0,0,12,2,0,2,25,0,0.5,110,70,40,4,2,0,15
2019,Jaylon Smith,88,LB,DAL,13,1,0,0,0,9,2,0,1,6,0,2.5,142,83,59,6,3,0,12
2019,Lavonte David,100,LB,TB,1,1,26,0,26,7,3,0,1,0,0,1.0,123,82,41,10,7,0,8
2010,Darrelle Revis,8,CB,NYJ,93,0,0,0,0,10,0,0,2,10,0,0.0,32,26,6,0,0,0,14
2010,Charles Woodson,16,CB,GB,85,2,48,1,48,13,5,0,0,0,0,2.0,92,76,16,7,6,0,15
2010,Nnamdi Asomugha,18,CB,LV,83,0,0,0,0,6,0,0,0,0,0,0.0,19,17,2,0,2,0,13
2010,Champ Bailey,48,CB,DEN,53,2,0,0,0,13,0,0,0,0,0,1.0,45,41,4,3,1,0,7
2010,Asante Samuel,54,CB,PHI,47,7,70,0,33,14,0,1,1,1,0,0.0,26,22,4,0,0,0,9
2011,Darrelle Revis,5,CB,NYJ,96,4,184,1,100,21,0,0,0,0,0,0.0,52,41,11,1,0,0,17
2011,Charles Woodson,36,CB,GB,65,7,63,1,30,17,1,0,1,-1,0,2.0,75,63,12,4,3,0,14
2011,Champ Bailey,46,CB,DEN,55,2,0,0,0,10,1,0,0,0,0,0.0,39,35,4,1,0,0,9
2011,Patrick Peterson,55,CB,ARI,46,2,1,0,1,13,0,4,2,-1,0,1.0,64,59,5,1,1,0,22
2011,Carlos Rogers,69,CB,SF,32,6,106,1,31,18,0,0,0,0,0,0.0,43,40,3,2,1,0,13
2011,Johnathan Joseph,73,CB,HOU,28,4,40,0,29,15,1,0,0,0,0,0.0,44,40,4,2,0,0,13
2011,Nnamdi Asomugha,79,CB,PHI,22,3,10,0,6,5,0,0,0,0,0,0.0,40,35,5,4,0,0,6
2011,Cortland Finnegan,93,CB,TEN,8,1,8,0,8,11,0,0,1,0,0,1.0,75,58,17,6,3,0,8
2012,Patrick Peterson,33,CB,ARI,68,7,64,0,31,16,0,7,5,60,0,0.0,55,52,3,2,0,0,13
2012,Charles Tillman,34,CB,CHI,67,3,71,3,36,16,10,0,2,0,0,0.0,87,75,12,1,0,0,17
2012,Richard Sherman,50,CB,SEA,51,8,57,1,29,24,3,0,1,0,0,1.0,65,54,11,0,1,0,20
2012,Champ Bailey,53,CB,DEN,48,2,18,0,18,8,0,0,0,0,0,0.0,66,61,5,3,0,0,13
2012,Darrelle Revis,67,CB,NYJ,34,1,1,0,1,3,0,0,1,0,0,0.0,12,9,3,0,0,0,1
2012,Tim Jennings,69,CB,CHI,32,9,105,1,31,21,0,0,0,0,0,0.0,60,55,5,1,0,0,13
2012,Brandon Flowers,75,CB,KC,26,3,28,0,29,12,0,0,1,64,0,1.0,48,40,8,2,1,0,6
2012,Charles Woodson,85,CB,GB,16,1,0,0,0,5,1,0,0,0,0,1.5,38,25,13,1,2,0,3
2013,Richard Sherman,7,CB,SEA,94,8,125,1,58,16,0,2,2,0,0,0.0,48,38,10,0,1,0,21
2013,Patrick Peterson,22,CB,ARI,79,3,59,0,43,13,0,3,2,0,0,0.0,42,40,2,0,0,0,16
2013,Darrelle Revis,37,CB,TB,64,2,3,0,3,11,2,0,1,0,0,1.0,50,43,7,3,1,0,6
2013,Joe Haden,39,CB,CLV,62,4,57,1,29,20,0,0,0,0,0,0.0,54,43,11,0,0,0,12
2013,Tim Jennings,74,CB,CHI,27,4,111,2,48,13,2,0,1,0,0,0.0,58,50,8,0,0,0,8
2013,Aqib Talib,79,CB,NE,22,4,12,0,14,14,1,0,1,0,0,0.0,41,35,6,1,0,0,12
2013,Brent Grimes,95,CB,MIA,6,4,102,1,94,17,0,0,0,0,0,0.0,60,52,8,1,1,0,11
2014,Richard Sherman,11,CB,SEA,90,4,81,0,53,8,1,0,0,0,0,0.0,57,45,12,2,0,0,22
2014,Darrelle Revis,17,CB,NE,84,2,0,0,0,14,1,0,1,0,0,0.0,47,41,6,2,0,0,17
2014,Patrick Peterson,19,CB,ARI,82,3,30,1,30,7,0,0,0,0,0,1.0,50,43,7,0,1,0,9
2014,Joe Haden,23,CB,CLV,78,3,0,0,0,20,1,0,2,34,0,0.0,73,58,15,1,0,0,10
2014,Brent Grimes,38,CB,MIA,63,5,80,1,32,12,1,0,0,0,0,0.0,57,47,10,1,0,0,10
2014,Vontae Davis,59,CB,IND,42,4,72,0,42,18,2,0,1,-9,0,0.0,42,35,7,0,1,0,11
2015,Josh Norman,11,CB,CAR,90,4,110,2,46,18,3,0,2,12,0,0.0,56,48,8,3,0,0,15
2015,Patrick Peterson,18,CB,ARI,83,2,41,0,40,8,1,4,0,0,0,0.0,35,35,0,1,0,0,14
2015,Richard Sherman,20,CB,SEA,81,2,30,0,26,14,0,0,0,0,0,0.0,50,33,17,1,0,0,15
2015,Darrelle Revis,24,CB,NYJ,77,5,48,0,24,9,0,0,4,18,0,0.0,39,30,9,0,0,0,11
2015,Aqib Talib,34,CB,DEN,67,3,123,2,63,13,0,0,0,0,0,0.0,45,39,6,1,0,0,11
2015,Chris Harris Jr.,52,CB,DEN,49,2,94,1,74,6,2,0,0,0,0,0.0,58,49,9,4,0,0,15
2015,Marcus Peters,65,CB,KC,36,8,280,2,90,26,1,0,0,0,0,0.0,60,53,7,2,0,0,14
2016,Patrick Peterson,19,CB,ARI,82,3,27,0,25,6,0,1,1,0,0,0.0,51,45,6,1,0,0,10
2016,Richard Sherman,21,CB,SEA,80,4,37,0,31,13,0,0,1,14,0,0.0,58,38,20,2,0,0,10
2016,Marcus Peters,32,CB,KC,69,6,63,0,28,20,1,0,3,31,0,0.0,45,35,10,0,0,0,15
2016,Aqib Talib,37,CB,DEN,64,3,86,1,46,12,0,0,0,0,0,0.0,43,32,11,1,1,0,16
2016,Janoris Jenkins,54,CB,NYG,47,3,26,0,23,18,1,1,0,0,0,1.0,49,44,5,5,1,0,13
2016,Josh Norman,59,CB,WAS,42,3,38,0,35,19,2,0,0,0,0,0.0,67,52,15,2,1,0,5
2016,Chris Harris Jr.,63,CB,DEN,38,2,36,0,36,11,1,0,1,6,0,0.0,63,57,6,1,0,0,17
2016,Casey Hayward,64,CB,LAC,37,7,102,1,31,20,0,0,0,0,0,0.0,58,51,7,1,0,0,13
2016,Xavier Rhodes,66,CB,MIN,35,5,133,1,100,11,1,0,0,0,0,0.0,52,44,8,2,0,0,10
2016,Malcolm Butler,99,CB,NE,2,4,28,0,21,17,1,0,2,2,0,1.0,63,48,15,1,1,0,14
2017,Jalen Ramsey,17,CB,JAX,84,4,34,0,18,17,0,0,0,0,0,0.0,63,52,11,2,0,0,15
2017,Patrick Peterson,23,CB,ARI,78,1,22,0,22,8,0,0,1,47,0,0.0,34,30,4,0,0,0,10
2017,A. J. Bouye,35,CB,JAX,66,6,70,0,51,18,0,0,0,0,0,0.0,56,53,3,0,0,0,12
2017,Darius Slay,49,CB,DET,52,8,73,0,37,26,0,0,1,0,0,0.0,60,54,6,1,0,0,13
2017,Aqib Talib,53,CB,DEN,48,1,103,1,103,7,1,0,0,0,0,0.0,31,23,8,0,0,0,9
2017,Xavier Rhodes,55,CB,MIN,46,2,23,0,21,10,0,0,0,0,0,0.0,56,44,12,1,0,0,11
2017,Casey Hayward,59,CB,LAC,42,4,7,0,7,22,1,0,2,11,0,0.0,40,33,7,2,0,0,13
2017,Richard Sherman,64,CB,SEA,37,2,20,0,19,7,0,0,1,0,0,0.0,35,25,10,1,0,0,3
2017,Marcus Peters,79,CB,KC,22,5,137,0,62,9,3,0,2,45,1,0.0,46,42,4,2,0,0,5
2017,Marshon Lattimore,82,CB,NOR,19,5,85,1,33,18,1,0,1,0,0,0.0,52,43,9,1,0,0,9
2017,Chris Harris Jr.,86,CB,DEN,15,2,36,0,23,7,1,0,0,0,0,0.0,40,32,8,1,0,0,6
2018,Stephon Gilmore,22,CB,NE,79,2,0,0,0,20,2,0,1,0,0,1.0,45,40,5,1,1,0,16
2018,Jalen Ramsey,27,CB,JAX,74,3,0,0,0,13,0,0,0,0,0,0.0,65,62,3,2,0,0,11
2018,Patrick Peterson,46,CB,ARI,55,2,0,0,0,5,0,0,1,49,0,1.0,54,45,9,2,1,0,9
2018,Xavien Howard,55,CB,MIA,46,7,52,0,39,12,0,0,1,0,0,0.0,35,25,10,1,0,0,11
2018,Darius Slay,86,CB,DET,15,3,107,1,67,17,0,0,0,0,0,0.0,43,40,3,1,0,0,9
2018,Kyle Fuller,95,CB,CHI,6,7,52,0,35,21,0,0,0,0,0,0.0,55,45,10,0,0,0,16
2018,Byron Jones,97,CB,DAL,4,0,0,0,0,14,0,0,0,0,0,0.0,67,56,11,2,0,0,11
2019,Stephon Gilmore,9,CB,NE,92,6,126,2,64,20,0,0,1,0,0,0.0,53,44,9,0,0,0,23
2019,Richard Sherman,28,CB,SF,73,3,65,1,31,11,0,0,0,0,0,0.0,61,48,13,2,0,0,11
2019,Jalen Ramsey,37,CB,JAX,64,1,13,0,13,5,2,0,0,0,0,0.0,50,44,6,0,0,0,9
2019,Tre'Davious White,47,CB,BUF,54,6,57,0,49,17,2,0,0,0,0,1.0,58,48,10,4,1,0,19
2019,Marcus Peters,53,CB,BAL,48,5,210,3,89,14,0,0,1,0,0,0.0,53,40,13,1,0,0,17
2019,Logan Ryan,60,CB,TEN,41,4,16,0,16,18,4,0,0,0,0,4.5,113,73,40,4,8,0,7
2019,Marshon Lattimore,76,CB,NOR,25,1,0,0,0,14,0,0,0,0,0,0.0,57,46,11,1,0,0,7
2019,Marlon Humphrey,86,CB,BAL,15,3,14,0,14,14,2,0,3,91,2,0.0,65,53,12,4,1,0,16
2019,Darius Slay,92,CB,DET,9,2,19,0,19,13,0,0,1,38,0,0.0,46,36,10,0,0,0,7
2010,Ed Reed,5,S,BAL,96,8,183,0,44,16,1,2,1,0,0,0.0,37,30,7,0,0,0,11
2010,Troy Polamalu,6,S,PIT,95,7,101,1,45,11,1,0,1,0,0,1.0,63,49,14,6,2,0,16
2010,Antrel Rolle,68,S,NYG,33,1,36,0,36,4,1,0,2,-3,0,0.5,87,76,11,7,8,0,9
2010,Adrian Wilson,89,S,ARI,12,2,4,0,4,9,0,0,0,0,0,2.0,88,76,12,6,6,0,7
2010,Eric Berry,93,S,KC,8,4,102,1,54,9,1,0,0,0,0,2.0,92,77,15,5,6,0,11
2010,Nick Collins,96,S,GB,5,4,34,0,24,12,0,0,2,26,1,0.0,70,59,11,1,2,0,13
2011,Ed Reed,16,S,BAL,85,3,25,0,16,8,1,0,0,0,0,1.0,52,44,8,1,1,0,11
2011,Troy Polamalu,19,S,PIT,82,2,33,0,33,14,0,0,1,16,1,1.0,91,64,27,7,4,0,17
2011,Earl Thomas,66,S,SEA,35,2,19,0,11,7,1,0,2,0,0,0.0,98,69,29,6,1,0,12
2012,Ed Reed,18,S,BAL,83,4,78,1,34,15,0,0,3,30,0,0.0,58,49,9,1,0,0,11
2012,Earl Thomas,66,S,SEA,35,3,80,1,57,8,1,0,1,0,0,0.0,66,42,24,2,2,0,15
2012,Bernard Pollard,87,S,BAL,14,1,0,0,0,5,0,0,0,0,0,2.0,98,71,27,6,3,0,5
2012,Troy Polamalu,91,S,PIT,10,1,1,0,1,3,0,0,0,0,0,1.0,34,29,5,1,1,0,4
2012,Dashon Goldson,96,S,SF,5,3,21,0,20,12,1,0,2,71,0,0.0,69,55,14,1,0,0,9
2013,Earl Thomas,17,S,SEA,84,5,9,0,11,9,2,0,0,0,0,0.0,105,78,27,0,0,0,16
2013,Eric Berry,50,S,KC,51,3,134,2,49,11,2,0,2,24,0,3.5,74,66,8,11,7,0,12
2013,Troy Polamalu,61,S,PIT,40,2,36,1,19,11,5,0,1,0,0,2.0,69,50,19,7,2,0,9
2013,Kam Chancellor,65,S,SEA,36,3,78,0,32,6,1,0,0,0,0,0.0,99,65,34,3,1,0,12
2013,Antrel Rolle,72,S,NYG,29,6,23,0,25,12,1,0,1,10,0,2.0,98,80,18,4,2,0,14
2013,T. J. Ward,82,S,CLV,19,2,57,1,44,5,0,0,1,51,1,1.5,112,75,37,9,2,0,11
2013,Eric Weddle,92,S,LAC,9,2,21,0,21,9,1,0,2,27,0,1.0,115,88,27,5,2,0,10
2014,Earl Thomas,21,S,SEA,80,1,47,0,47,5,4,1,1,0,0,0.0,97,71,26,1,0,0,17
2014,Kam Chancellor,41,S,SEA,60,1,52,0,52,6,1,0,0,0,0,0.0,78,60,18,1,0,0,13
2014,Charles Woodson,64,S,LV,37,4,35,0,30,8,0,0,1,0,0,1.0,113,83,30,4,1,0,6
2014,Tashaun Gipson,67,S,CLV,34,6,158,1,62,8,1,0,0,0,0,0.0,52,28,24,2,0,0,8
2014,Eric Weddle,86,S,LAC,15,1,17,0,17,8,2,0,0,0,0,0.0,114,91,23,2,0,0,12
2014,Glover Quin,88,S,DET,13,7,117,0,56,10,0,0,0,0,0,0.0,73,57,16,2,0,0,12
2015,Tyrann Mathieu,28,S,ARI,73,5,92,1,33,17,1,0,0,0,0,1.0,89,80,9,11,3,0,12
2015,Kam Chancellor,32,S,SEA,69,2,6,0,6,4,1,0,0,0,0,0.0,74,44,30,1,0,0,8
2015,Eric Berry,55,S,KC,46,2,40,0,25,10,0,0,0,0,0,0.0,61,55,6,0,0,0,12
2015,Reggie Nelson,60,S,CIN,41,8,115,0,37,14,0,0,2,25,0,0.0,77,52,25,2,0,0,12
2015,Reshad Jones,64,S,MIA,37,5,104,2,42,10,0,1,1,9,0,2.0,135,106,29,9,2,0,9
2015,Earl Thomas,66,S,SEA,35,5,67,0,32,9,1,0,0,0,0,0.0,64,45,19,0,0,0,11
2015,T.J. Ward,68,S,DEN,33,0,0,0,0,6,2,0,0,0,0,2.0,61,50,11,4,3,0,5
2015,Harrison Smith,73,S,MIN,28,2,35,1,35,3,1,0,0,0,0,1.5,66,49,17,3,6,0,7
2016,Eric Berry,13,S,KC,88,4,98,2,42,9,1,0,0,0,0,0.0,77,62,15,2,0,0,12
2016,Landon Collins,28,S,NYG,73,5,72,1,44,13,0,0,1,6,0,4.0,125,100,25,9,5,0,15
2016,Earl Thomas,30,S,SEA,71,2,5,0,5,10,0,0,1,34,1,0.0,48,24,24,0,0,0,5
2016,Kam Chancellor,34,S,SEA,67,2,5,0,5,8,1,0,0,0,0,0.0,86,51,35,3,0,0,5
2016,Harrison Smith,74,S,MIN,27,0,0,0,0,2,0,0,2,0,0,2.0,91,69,22,4,3,0,8
2016,Ha Ha Clinton-Dix,77,S,GB,24,5,75,0,27,7,1,0,0,0,0,0.5,80,62,18,1,1,0,9
2016,Malcolm Jenkins,90,S,PHI,11,3,98,2,64,9,0,0,1,0,0,1.0,72,47,25,3,3,0,7
2017,Earl Thomas,42,S,SEA,59,2,97,1,78,7,1,0,0,0,0,0.0,88,56,32,1,0,0,8
2017,Harrison Smith,46,S,MIN,55,5,42,0,19,12,0,0,0,0,0,1.5,78,61,17,7,3,0,11
2017,Micah Hyde,62,S,BUF,39,5,64,0,37,13,0,0,0,0,0,0.0,82,65,17,2,0,0,8
2017,Kam Chancellor,75,S,SEA,26,0,0,0,0,2,1,0,0,0,0,0.0,49,34,15,2,0,1,3
2017,Kevin Byard,80,S,TEN,21,8,130,0,33,16,0,0,2,6,0,0.0,87,62,25,3,3,0,14
2017,Landon Collins,92,S,NYG,9,2,21,0,21,6,1,0,2,33,0,0.0,104,78,26,3,2,0,8
2017,Malcolm Jenkins,96,S,PHI,5,2,0,0,0,8,1,1,1,0,0,1.0,76,63,13,5,2,0,10
2017,Ha Ha Clinton-Dix,100,S,GB,1,3,5,0,3,6,0,0,0,0,0,0.0,79,65,14,2,0,0,5
2018,Eddie Jackson,30,S,CHI,71,6,81,2,41,15,2,0,1,65,1,1.0,51,41,10,2,1,0,13
2018,Derwin James,31,S,LAC,70,3,30,0,23,13,0,0,0,0,0,3.5,105,75,30,4,6,0,12
2018,Jamal Adams,37,S,NYJ,64,1,38,0,38,12,3,0,1,5,0,3.5,115,86,29,9,8,0,9
2018,Harrison Smith,83,S,MIN,18,3,66,0,52,6,1,0,2,0,0,3.0,84,67,17,9,5,0,11
2018,Devin McCourty,89,S,NE,12,1,84,1,84,4,1,0,2,14,0,0.0,82,59,23,1,0,0,7
2018,Eric Weddle,100,S,BAL,1,0,0,0,0,3,0,0,0,0,0,1.0,68,54,14,2,4,0,8
2019,Jamal Adams,27,S,NYJ,74,1,61,1,61,7,2,0,1,25,1,6.5,75,61,14,10,13,0,13
2019,Minkah Fitzpatrick,35,S,PIT,66,5,130,1,96,9,2,0,3,79,1,0.0,69,44,25,1,1,0,16
2019,Tyrann Mathieu,39,S,KC,62,4,70,0,35,12,0,0,0,0,0,2.0,75,63,12,3,2,0,9
2019,Harrison Smith,64,S,MIN,37,3,13,0,13,11,3,0,2,0,0,1.0,85,65,20,4,2,0,7
2019,Earl Thomas,75,S,BAL,26,2,38,0,24,4,1,0,1,6,0,2.0,49,32,17,2,6,0,8
2019,Budda Baker,97,S,ARI,4,0,0,0,0,6,1,0,1,0,0,0.5,147,104,43,7,2,0,6
